Time,Throughput (Mbps)
13:22:27,27.340216000000005
13:22:28,28.413503999999993
13:22:29,27.149448
13:22:30,24.179640000000003
13:22:31,26.417040000000004
13:22:32,23.918408000000007
13:22:33,26.367752000000003
13:22:34,25.154304000000003
13:22:35,24.379592
13:22:36,26.485760000000003
13:22:37,25.929488000000006
13:22:38,23.106416000000003
13:22:39,24.870848000000002
13:22:40,23.955695999999996
13:22:41,25.266432
13:22:42,25.32656
13:22:43,23.4516
13:22:44,23.635232000000002
13:22:45,26.192304
13:22:46,26.333648000000004
13:22:47,24.241456000000007
13:22:48,25.663191999999995
13:22:49,25.033640000000002
13:22:50,25.2618
13:22:51,25.212392
13:22:52,26.768327999999997
13:22:53,25.781696
13:22:54,26.78888
13:22:55,27.257944
13:22:56,27.152936
13:22:57,23.599567999999994
13:22:58,26.577520000000003
13:22:59,24.973615999999996
13:23:00,25.523744
13:23:01,24.890639999999994
13:23:02,25.104287999999997
13:23:03,26.477583999999997
13:23:04,24.653271999999994
13:23:05,25.455463999999996
13:23:06,24.060784
13:23:07,25.777992000000005
13:23:08,23.866711999999996
13:23:09,23.943048
13:23:10,25.325936
13:23:11,23.56192
13:23:12,24.728312000000003
13:23:13,23.835487999999998
13:23:14,23.859887999999998
13:23:15,22.272920000000003
13:23:16,24.340560000000004
13:23:17,26.397343999999997
13:23:18,25.068168
13:23:19,25.046224
13:23:20,24.5232
13:23:21,27.520775999999998
13:23:22,27.647408000000002
13:23:23,26.928256
13:23:24,25.910992
13:23:25,26.853464
13:23:26,26.027488
13:23:27,27.718160000000005
13:23:28,27.850184000000002
13:23:29,24.262888
13:23:30,26.809104
13:23:31,27.491760000000003
13:23:32,25.387984000000003
13:23:33,26.791024000000004
13:23:34,26.791199999999996
13:23:35,24.759559999999997
13:23:36,25.801000000000002
13:23:37,27.0404
13:23:38,25.555543999999994
13:23:39,25.701943999999997
13:23:40,26.864424
13:23:41,24.908431999999998
13:23:42,25.899272
13:23:43,25.413288
13:23:44,23.628224000000003
13:23:45,25.075992
13:23:46,25.861895999999998
13:23:47,25.020231999999996
13:23:48,27.875088000000005
13:23:49,25.984200000000005
13:23:50,25.947488000000007
13:23:51,25.601880000000005
13:23:52,27.834184000000004
13:23:53,27.212719999999997
13:23:54,26.53892
13:23:55,27.998624
13:23:56,26.730656000000003
13:23:57,27.607056
13:23:58,27.004255999999998
13:23:59,25.913792000000004
13:24:00,26.690743999999995
13:24:01,25.601160000000004
13:24:02,26.107463999999997
13:24:03,27.099968000000004
13:24:04,26.579832
13:24:05,24.026016
13:24:06,27.092960000000005
13:24:07,25.339104000000006
13:24:08,26.202048
13:24:09,25.293680000000002
13:24:10,26.132735999999998
13:24:11,23.628056000000004
13:24:12,25.435272
13:24:13,24.203951999999997
13:24:14,25.531775999999997
13:24:15,24.0256
13:24:16,25.361856
13:24:17,26.444951999999997
13:24:18,25.680503999999996
13:24:19,25.840976000000005
13:24:20,25.129152
13:24:21,25.451496000000002
13:24:22,27.077776000000004
13:24:23,27.44176
13:24:24,28.864952000000002
13:24:25,27.468527999999996
13:24:26,26.908720000000002
13:24:27,26.618872
13:24:28,26.31874399999999
13:24:29,24.455368
13:24:30,25.418551999999995
13:24:31,24.083952000000004
13:24:32,24.74212
13:24:33,25.360016000000005
13:24:34,24.263312000000003
13:24:35,21.667367999999993
13:24:36,22.845776000000004
13:24:37,23.344992
13:24:38,21.530920000000002
13:24:39,22.1864
13:24:40,23.075183999999997
13:24:41,21.80216
13:24:42,21.847024
13:24:43,22.156719999999996
13:24:44,21.47016
13:24:45,21.782519999999998
13:24:46,22.525247999999998
13:24:47,24.078951999999994
13:24:48,23.791424
13:24:49,23.071040000000007
13:24:50,22.46332
13:24:51,22.72776
13:24:52,20.691544
13:24:53,24.127760000000002
13:24:54,23.54284
13:24:55,23.690175999999997
13:24:56,22.85766400000001
13:24:57,25.166096
13:24:58,24.342056000000003
13:24:59,24.154415999999998
13:25:00,22.616056000000004
13:25:01,23.686575999999995
13:25:02,21.524408
13:25:03,23.160391999999998
13:25:04,24.00573599999999
13:25:05,22.459391999999998
13:25:06,22.134999999999998
13:25:07,22.62496
13:25:08,22.947671999999997
13:25:09,21.051735999999995
13:25:10,21.790960000000002
13:25:11,22.570655999999993
13:25:12,20.122367999999994
13:25:13,21.734256
13:25:14,22.666959999999992
13:25:15,22.295743999999996
13:25:16,19.541928000000006
13:25:17,21.624064
13:25:18,22.513256
13:25:19,22.542232
13:25:20,23.493008
13:25:21,22.382312000000002
13:25:22,22.099272
13:25:23,24.251303999999998
13:25:24,25.180352000000003
13:25:25,23.674832000000002
13:25:26,24.138224
13:25:27,24.771767999999998
13:25:28,25.321712
13:25:29,24.746000000000002
13:25:30,25.169704000000003
13:25:31,25.201904000000003
13:25:32,23.121608000000002
13:25:33,25.148040000000005
13:25:34,26.887136
13:25:35,25.173744
13:25:36,24.071536000000002
13:25:37,26.390591999999998
13:25:38,24.943319999999996
13:25:39,25.777056000000005
13:25:40,25.040143999999998
13:25:41,24.5308
13:25:42,25.004983999999993
13:25:43,24.309511999999998
13:25:44,24.40612000000001
13:25:45,24.869824
13:25:46,25.119743999999997
13:25:47,25.903647999999997
13:25:48,25.586871999999996
13:25:49,25.60124
13:25:50,24.054528
13:25:51,26.48844
13:25:52,25.369184
13:25:53,24.54944
13:25:54,23.738087999999998
13:25:55,26.443448000000004
13:25:56,26.505031999999996
13:25:57,25.823023999999997
13:25:58,26.805136
13:25:59,27.268216000000002
13:26:00,24.453032
13:26:01,26.390320000000003
13:26:02,26.40172
13:26:03,23.947496
13:26:04,25.853272
13:26:05,24.826120000000003
13:26:06,26.533320000000003
13:26:07,24.24588
13:26:08,25.553744000000002
13:26:09,24.044232000000004
13:26:10,25.886703999999998
13:26:11,23.597848000000003
13:26:12,23.800496
13:26:13,24.865368000000007
13:26:14,24.496152000000002
13:26:15,23.56796
13:26:16,23.909559999999995
13:26:17,23.468552000000003
13:26:18,22.785208
13:26:19,24.628896000000005
13:26:20,26.247911999999996
13:26:21,26.568999999999996
13:26:22,23.932728
13:26:23,25.621896000000003
13:26:24,26.335144000000003
13:26:25,27.002919999999996
13:26:26,27.534423999999998
13:26:27,26.308199999999992
13:26:28,26.588455999999994
13:26:29,25.763143999999997
13:26:30,26.25
13:26:31,26.138591999999996
13:26:32,26.86388
13:26:33,23.922112
13:26:34,24.998344
13:26:35,24.16008
13:26:36,23.287432000000003
13:26:37,23.766144
13:26:38,23.750224
13:26:39,22.750767999999997
13:26:40,23.63772
13:26:41,23.413463999999994
13:26:42,23.650591999999996
13:26:43,24.094448
13:26:44,23.68844
13:26:45,23.400752000000004
13:26:46,21.9226
13:26:47,22.592840000000002
13:26:48,22.495536
13:26:49,21.220536
13:26:50,22.60676
13:26:51,23.39044
13:26:52,23.534831999999998
13:26:53,26.379160000000002
13:26:54,25.715968000000004
13:26:55,23.91832
13:26:56,25.564528000000006
13:26:57,24.682464000000007
13:26:58,23.6948
13:26:59,24.976424
13:27:00,22.87132
13:27:01,24.085255999999998
13:27:02,25.81516
13:27:03,25.879239999999992
13:27:04,23.403599999999997
13:27:05,23.753144
13:27:06,23.570832
13:27:07,23.624
13:27:08,23.143144000000003
13:27:09,24.157767999999997
13:27:10,21.828463999999997
13:27:11,23.020536
13:27:12,24.200655999999995
13:27:13,23.244432
13:27:14,23.643775999999995
13:27:15,22.987952
13:27:16,22.531256
13:27:17,20.894712000000002
13:27:18,21.551951999999996
13:27:19,21.577656
13:27:20,21.466728
13:27:21,22.358152000000004
13:27:22,23.466327999999994
13:27:23,24.482808
13:27:24,26.136368000000004
13:27:25,25.415463999999997
13:27:26,25.874519999999993
13:27:27,25.489464
13:27:28,25.074015999999997
13:27:29,24.054432000000006
13:27:30,25.201824
13:27:31,23.907968
13:27:32,24.866784000000003
13:27:33,25.970472
13:27:34,24.462320000000005
13:27:35,23.36424
13:27:36,24.514568
13:27:37,23.830504
13:27:38,21.419504000000003
13:27:39,23.752264
13:27:40,23.654040000000002
13:27:41,20.970112000000004
13:27:42,23.787255999999996
13:27:43,24.44284
13:27:44,24.355400000000003
13:27:45,21.318695999999996
13:27:46,22.813591999999996
13:27:47,21.514048
13:27:48,21.686000000000003
13:27:49,22.4928
13:27:50,22.448928000000002
13:27:51,21.490304
13:27:52,21.357408
13:27:53,24.703607999999996
13:27:54,24.871016
13:27:55,25.31421599999999
13:27:56,24.660863999999993
13:27:57,23.680312
13:27:58,24.133975999999997
13:27:59,24.346608000000003
13:28:00,23.563248
13:28:01,23.607903999999994
13:28:02,23.874408000000003
13:28:03,25.297784
13:28:04,23.594392
13:28:05,24.189832
13:28:06,24.332336
13:28:07,21.907768
13:28:08,23.898408
13:28:09,23.197832
13:28:10,22.298575999999997
13:28:11,22.067256
13:28:12,23.238367999999998
13:28:13,22.520568
13:28:14,21.999535999999996
13:28:15,23.346887999999996
13:28:16,22.496336
13:28:17,21.165831999999998
13:28:18,21.589016000000004
13:28:19,21.944999999999997
13:28:20,19.560992000000002
13:28:21,21.653384
13:28:22,24.315208000000002
13:28:23,24.020383999999996
13:28:24,21.474671999999998
13:28:25,24.98344
13:28:26,25.631287999999998
13:28:27,24.51256
13:28:28,25.118983999999994
13:28:29,25.299511999999996
13:28:30,23.355624
13:28:31,25.290415999999997
13:28:32,26.108103999999997
13:28:33,24.152023999999997
13:28:34,23.984104000000002
13:28:35,24.977663999999997
13:28:36,24.290240000000004
13:28:37,25.620527999999997
13:28:38,25.68372
13:28:39,23.392912000000003
13:28:40,25.543527999999995
13:28:41,25.402535999999998
13:28:42,25.372432
13:28:43,23.363879999999998
13:28:44,24.249480000000002
13:28:45,22.742064
13:28:46,24.898935999999996
13:28:47,25.051527999999994
13:28:48,25.257039999999996
13:28:49,22.735256
13:28:50,24.00272
13:28:51,22.441295999999998
13:28:52,24.625888
13:28:53,25.785735999999996
13:28:54,25.632912
13:28:55,23.824727999999997
13:28:56,26.519503999999994
13:28:57,26.815928000000003
13:28:58,24.620656
13:28:59,26.469632000000004
13:29:00,25.963639999999995
13:29:01,24.184232
13:29:02,25.429151999999995
13:29:03,25.895559999999996
13:29:04,25.371496000000004
13:29:05,26.257648000000007
13:29:06,24.484344000000004
13:29:07,26.111704
13:29:08,24.436847999999994
13:29:09,24.820207999999997
13:29:10,23.841832
13:29:11,24.231392000000003
13:29:12,23.967408000000002
13:29:13,24.960776000000003
13:29:14,24.171640000000004
13:29:15,23.956119999999995
13:29:16,23.61248
13:29:17,24.734832
13:29:18,22.507272
13:29:19,23.55024
13:29:20,23.342175999999995
13:29:21,22.144407999999995
13:29:22,23.458472
13:29:23,23.856608
13:29:24,24.151848
13:29:25,25.127360000000003
13:29:26,27.028712000000006
13:29:27,27.701831999999996
13:29:28,25.215976
13:29:29,24.970976
13:29:30,27.042328000000005
13:29:31,25.767880000000005
13:29:32,26.223056
13:29:33,27.022952
13:29:34,24.631912
13:29:35,24.473816000000003
13:29:36,25.306951999999995
13:29:37,25.586272
13:29:38,24.440704000000004
13:29:39,23.493512
13:29:40,24.085392000000002
13:29:41,20.983768
13:29:42,23.492976000000006
13:29:43,24.065991999999998
13:29:44,23.699784
13:29:45,24.840632
13:29:46,24.846272000000003
13:29:47,20.441391999999997
13:29:48,23.383399999999995
13:29:49,23.183640000000004
13:29:50,22.128919999999994
13:29:51,22.841023999999997
13:29:52,22.934960000000004
13:29:53,20.553920000000005
13:29:54,21.655624000000007
13:29:55,25.253728
13:29:56,26.745832
13:29:57,25.443720000000006
13:29:58,25.278296000000005
13:29:59,25.482784000000002
13:30:00,21.904624000000002
13:30:01,24.745368000000003
13:30:02,24.877383999999996
13:30:03,24.147751999999997
13:30:04,24.683567999999998
13:30:05,25.716432
13:30:06,21.978656
13:30:07,24.859799999999993
13:30:08,25.2602
13:30:09,22.732456
13:30:10,24.335343999999996
13:30:11,23.871423999999994
13:30:12,20.515384
13:30:13,22.91171200000001
13:30:14,23.843552000000003
13:30:15,24.045720000000003
13:30:16,24.124928000000004
13:30:17,23.081152000000003
13:30:18,21.706848
13:30:19,20.724407999999997
13:30:20,22.624832
13:30:21,22.180936
13:30:22,21.3404
13:30:23,22.529136
13:30:24,23.870479999999993
13:30:25,22.892784
13:30:26,23.285888
13:30:27,25.060143999999994
13:30:28,27.075216000000005
13:30:29,25.126695999999992
13:30:30,25.602744
13:30:31,22.963096000000004
13:30:32,24.854551999999998
13:30:33,24.724056000000004
13:30:34,25.605664
13:30:35,24.312607999999997
13:30:36,24.689624000000002
13:30:37,21.625464
13:30:38,22.659623999999997
13:30:39,22.729744
13:30:40,22.071976
13:30:41,22.808624000000002
13:30:42,21.797976000000002
13:30:43,20.316624
13:30:44,22.741848
13:30:45,20.671752
13:30:46,22.961064000000004
13:30:47,21.592328000000006
13:30:48,22.745295999999996
13:30:49,21.539080000000002
13:30:50,19.972327999999997
13:30:51,21.638928000000003
13:30:52,19.726415999999997
13:30:53,19.940056
13:30:54,22.154928
13:30:55,21.359840000000002
13:30:56,22.582759999999997
13:30:57,22.512999999999995
13:30:58,23.446279999999998
13:30:59,24.091416000000002
13:31:00,21.463688
13:31:01,24.136951999999997
13:31:02,23.086736000000002
13:31:03,21.984935999999998
13:31:04,22.766952
13:31:05,23.337728000000002
13:31:06,21.751632
13:31:07,23.353824000000003
13:31:08,22.684936
13:31:09,23.184256
13:31:10,21.505552
13:31:11,21.592984000000005
13:31:12,22.048903999999997
13:31:13,19.440535999999994
13:31:14,22.284640000000003
13:31:15,22.5328
13:31:16,21.447416
13:31:17,21.430936000000003
13:31:18,21.084072
13:31:19,20.134328
13:31:20,20.312543999999995
13:31:21,20.771615999999998
13:31:22,20.654680000000003
13:31:23,19.456896
13:31:24,19.657207999999997
13:31:25,20.656152000000002
13:31:26,21.152632
13:31:27,23.219144
13:31:28,23.962320000000002
13:31:29,25.32304
13:31:30,23.286312
13:31:31,24.031376
13:31:32,22.510215999999996
13:31:33,21.626696000000003
13:31:34,24.062375999999997
13:31:35,25.189087999999998
13:31:36,24.818336000000006
13:31:37,25.326624000000002
13:31:38,24.186704000000002
13:31:39,25.350968000000005
13:31:40,25.326704000000003
13:31:41,25.683359999999993
13:31:42,25.662119999999998
13:31:43,25.25876
13:31:44,24.152488000000005
13:31:45,23.195231999999997
13:31:46,25.729976
13:31:47,26.259552
13:31:48,25.926880000000004
13:31:49,24.614888000000004
13:31:50,23.777383999999998
13:31:51,24.552056000000004
13:31:52,22.798552
13:31:53,23.623968
13:31:54,24.331775999999998
13:31:55,25.93938400000001
13:31:56,24.586024000000002
13:31:57,24.443456
13:31:58,24.751504
13:31:59,27.115512000000003
13:32:00,27.292536
13:32:01,26.544024
13:32:02,25.492816
13:32:03,25.122968
13:32:04,25.714480000000002
13:32:05,26.243808000000005
13:32:06,24.983752
13:32:07,26.689592000000005
13:32:08,25.67264000000001
13:32:09,25.523384000000004
13:32:10,26.634704
13:32:11,24.668264000000004
13:32:12,26.071328000000005
13:32:13,24.189936
13:32:14,23.889975999999997
13:32:15,24.70432
13:32:16,25.583040000000004
13:32:17,24.992184000000005
13:32:18,24.208448
13:32:19,24.418424
13:32:20,24.754864
13:32:21,22.603288
13:32:22,23.365464
13:32:23,24.496176000000006
13:32:24,23.504952
13:32:25,21.983
13:32:26,23.228416
13:32:27,25.416264
13:32:28,27.004991999999998
13:32:29,28.418488
13:32:30,27.199008000000003
13:32:31,25.710312000000002
13:32:32,27.059824000000006
13:32:33,25.771088000000006
13:32:34,26.420519999999996
13:32:35,26.162376000000002
13:32:36,27.139608000000006
13:32:37,24.799711999999996
13:32:38,26.476943999999996
13:32:39,23.304376
13:32:40,25.189568
13:32:41,23.000048
13:32:42,23.610968000000003
13:32:43,24.564536000000004
13:32:44,22.22164
13:32:45,21.370351999999997
13:32:46,24.260464000000002
13:32:47,23.490976
13:32:48,23.415263999999997
13:32:49,23.477168
13:32:50,22.478064000000003
13:32:51,21.530224
13:32:52,22.235576
13:32:53,23.333071999999994
13:32:54,22.2866
13:32:55,21.110736
13:32:56,23.274312
13:32:57,22.438304000000002
13:32:58,24.151632000000006
13:32:59,23.252456
13:33:00,25.823192000000002
13:33:01,25.400119999999998
13:33:02,24.298560000000002
13:33:03,23.908808
13:33:04,24.151512
13:33:05,22.31768
13:33:06,24.93086399999999
13:33:07,25.030159999999995
13:33:08,24.053464
13:33:09,24.196719999999992
13:33:10,23.754984000000004
13:33:11,23.294311999999998
13:33:12,23.223144
13:33:13,23.977496
13:33:14,23.6068
13:33:15,21.930296
13:33:16,22.541112000000002
13:33:17,23.938744000000003
13:33:18,21.820272000000003
13:33:19,24.248784
13:33:20,22.499248
13:33:21,22.59536
13:33:22,22.177567999999994
13:33:23,20.503415999999994
13:33:24,20.271055999999998
13:33:25,22.498735999999997
13:33:26,21.208312000000003
13:33:27,20.652712000000005
13:33:28,23.932639999999996
13:33:29,27.121648
13:33:30,25.432488000000003
13:33:31,24.278704000000005
13:33:32,25.099552
13:33:33,25.208096000000005
13:33:34,25.003527999999996
13:33:35,23.507279999999994
13:33:36,23.380056000000003
13:33:37,25.658656
13:33:38,24.935072000000005
13:33:39,25.380903999999994
13:33:40,25.30016
13:33:41,25.924696
13:33:42,22.520671999999998
13:33:43,24.036328000000005
13:33:44,25.031864000000006
13:33:45,24.202368000000003
13:33:46,24.454199999999997
13:33:47,23.233272000000003
13:33:48,22.585616
13:33:49,25.323432
13:33:50,25.192184
13:33:51,23.461623999999997
13:33:52,23.959855999999995
13:33:53,23.513687999999995
13:33:54,21.516504000000005
13:33:55,22.556896
13:33:56,23.460648000000003
13:33:57,22.112071999999998
13:33:58,24.235064
13:33:59,25.850128
13:34:00,25.561056
13:34:01,26.458280000000002
13:34:02,24.55768
13:34:03,25.916112000000002
13:34:04,25.172048
13:34:05,24.166944
13:34:06,25.576128000000004
13:34:07,23.321592000000003
13:34:08,25.075648000000005
13:34:09,26.324607999999994
13:34:10,25.880863999999995
13:34:11,22.741848
13:34:12,24.553496000000003
13:34:13,23.867639999999998
13:34:14,22.563264
13:34:15,23.72332
13:34:16,24.586152
13:34:17,21.773032
13:34:18,24.958312
13:34:19,24.077575999999993
13:34:20,20.066312
13:34:21,23.854343999999998
13:34:22,21.509152000000004
13:34:23,23.35468
13:34:24,20.808760000000003
13:34:25,23.31708
13:34:26,21.7586
13:34:27,23.072608
13:34:28,22.916664
13:34:29,25.523024
13:34:30,23.979464
13:34:31,21.841336
13:34:32,26.349976
13:34:33,26.942408
13:34:34,22.789976000000003
13:34:35,26.687599999999993
13:34:36,25.694392
13:34:37,22.444768000000003
13:34:38,26.327568
13:34:39,25.027383999999998
13:34:40,21.537423999999998
13:34:41,24.240951999999997
13:34:42,22.114279999999997
13:34:43,19.605392000000002
13:34:44,20.404776000000005
13:34:45,21.751688
13:34:46,19.229008
13:34:47,19.767744000000004
13:34:48,21.779864000000003
13:34:49,21.499728
13:34:50,18.864935999999997
13:34:51,20.061600000000002
13:34:52,21.815136
13:34:53,18.667200000000005
13:34:54,20.320048
13:34:55,19.917208000000002
13:34:56,20.309631999999993
13:34:57,17.290032
13:34:58,20.443352
13:34:59,22.103551999999997
13:35:00,21.778888
13:35:01,18.77812
13:35:02,20.284615999999996
13:35:03,22.460855999999996
13:35:04,22.673783999999994
13:35:05,22.158448000000003
13:35:06,20.346664
13:35:07,21.347168
13:35:08,22.160728000000006
13:35:09,20.556960000000004
13:35:10,22.650879999999994
13:35:11,20.616816000000004
13:35:12,21.461864000000002
13:35:13,22.114048000000004
13:35:14,21.259655999999996
13:35:15,19.514392000000004
13:35:16,20.576895999999994
13:35:17,20.87696
13:35:18,21.416576000000003
13:35:19,18.519032
13:35:20,21.552272000000002
13:35:21,20.16824
13:35:22,20.101192000000005
13:35:23,19.85852
13:35:24,19.937624
13:35:25,18.64528
13:35:26,18.900936
13:35:27,18.482824
13:35:28,18.091727999999996
13:35:29,20.746280000000002
13:35:30,21.863272
13:35:31,21.332672
13:35:32,18.895312
13:35:33,21.308991999999996
13:35:34,21.807063999999997
13:35:35,23.305096000000006
13:35:36,23.02672
13:35:37,22.915176000000002
13:35:38,20.431967999999998
13:35:39,21.162144
13:35:40,23.56916
13:35:41,23.788583999999997
13:35:42,24.086592000000003
13:35:43,21.456584
13:35:44,25.138431999999995
13:35:45,22.968271999999995
13:35:46,24.529647999999998
13:35:47,24.032111999999998
13:35:48,20.880664
13:35:49,22.021391999999995
13:35:50,24.079496000000006
13:35:51,21.396888
13:35:52,24.211207999999992
13:35:53,23.8524
13:35:54,23.713008000000002
13:35:55,20.149432
13:35:56,22.52968
13:35:57,22.760303999999998
13:35:58,22.576216
13:35:59,22.390584
13:36:00,19.303792
13:36:01,22.336215999999997
13:36:02,24.876983999999997
13:36:03,26.345264000000004
13:36:04,22.973679999999998
13:36:05,24.606783999999998
13:36:06,25.11048
13:36:07,22.032799999999998
13:36:08,24.43292
13:36:09,24.945680000000007
13:36:10,23.818632000000004
13:36:11,21.29936
13:36:12,25.576127999999994
13:36:13,25.363287999999997
13:36:14,22.413744
13:36:15,23.450512
13:36:16,24.051976
13:36:17,23.425775999999995
13:36:18,20.726847999999997
13:36:19,23.662136000000004
13:36:20,23.121472
13:36:21,22.488104000000003
13:36:22,21.320952000000002
13:36:23,24.149744
13:36:24,22.706696
13:36:25,23.321776
13:36:26,20.430832
13:36:27,21.032736000000003
13:36:28,21.684208000000005
13:36:29,21.298975999999996
13:36:30,21.250272
13:36:31,22.823823999999995
13:36:32,21.477664000000004
13:36:33,23.539479999999994
13:36:34,22.015712
13:36:35,26.356872000000003
13:36:36,26.37704
13:36:37,25.51168000000001
13:36:38,22.892655999999995
13:36:39,24.509567999999998
13:36:40,25.104095999999995
13:36:41,21.917728
13:36:42,23.328007999999997
13:36:43,23.969056
13:36:44,22.794672000000002
13:36:45,23.395984000000006
13:36:46,21.681272000000003
13:36:47,22.868664000000003
13:36:48,22.332992
13:36:49,22.133664
13:36:50,20.626575999999996
13:36:51,22.737719999999996
13:36:52,21.296136000000004
13:36:53,21.301696
13:36:54,22.192744
13:36:55,18.540104000000003
13:36:56,20.864392000000002
13:36:57,22.252336000000003
13:36:58,19.424984000000002
13:36:59,20.349728
13:37:00,22.185471999999997
13:37:01,22.727968
13:37:02,20.703096000000006
13:37:03,21.148880000000005
13:37:04,21.969952
13:37:05,20.697415999999997
13:37:06,19.904576000000002
13:37:07,23.197136000000004
13:37:08,23.033119999999993
13:37:09,21.69076
13:37:10,22.96104
13:37:11,24.030304000000005
13:37:12,21.750183999999994
13:37:13,20.309496000000003
13:37:14,22.640272000000003
13:37:15,22.019816000000002
13:37:16,19.670544
13:37:17,22.060480000000002
13:37:18,21.093551999999995
13:37:19,21.958304000000005
13:37:20,23.123888
13:37:21,21.623152000000005
13:37:22,21.458951999999993
13:37:23,19.466255999999998
13:37:24,20.500624000000002
13:37:25,20.997376
13:37:26,20.874295999999998
13:37:27,17.942671999999998
13:37:28,20.962576
13:37:29,20.926696
13:37:30,22.820719999999998
13:37:31,22.813191999999994
13:37:32,20.912632
13:37:33,20.923384
13:37:34,21.736431999999994
13:37:35,21.597656
13:37:36,19.533663999999998
13:37:37,21.209152000000003
13:37:38,22.015904000000003
13:37:39,22.474855999999996
13:37:40,24.750688
13:37:41,21.191424
13:37:42,23.752232
13:37:43,22.735352000000006
13:37:44,20.518072
13:37:45,22.235976
13:37:46,22.366335999999997
13:37:47,21.734439999999996
13:37:48,20.131592
13:37:49,22.915135999999997
13:37:50,23.192392
13:37:51,22.563047999999995
13:37:52,18.668072
13:37:53,21.908688000000005
13:37:54,20.751800000000003
13:37:55,20.094495999999996
13:37:56,21.579408000000008
13:37:57,18.632176000000005
13:37:58,19.680095999999992
13:37:59,22.220640000000007
13:38:00,23.398320000000005
13:38:01,21.25532
13:38:02,21.743391999999997
13:38:03,21.532336
13:38:04,21.980791999999994
13:38:05,21.364928
13:38:06,18.983928
13:38:07,20.79656
13:38:08,21.387144000000003
13:38:09,19.121471999999997
13:38:10,21.286424
13:38:11,22.151512000000004
13:38:12,20.079216
13:38:13,23.049808000000002
13:38:14,21.895119999999995
13:38:15,19.642848
13:38:16,22.037751999999994
13:38:17,20.945496
13:38:18,22.096143999999995
13:38:19,20.084343999999998
13:38:20,21.520680000000002
13:38:21,21.332624
13:38:22,19.448719999999998
13:38:23,22.018664000000005
13:38:24,20.456320000000005
13:38:25,20.81508
13:38:26,20.74576
13:38:27,17.151735999999996
13:38:28,20.253536
13:38:29,22.242648000000003
13:38:30,22.810839999999995
13:38:31,20.011888
13:38:32,22.558967999999997
13:38:33,22.929936000000005
13:38:34,22.346536000000008
13:38:35,18.655712
13:38:36,22.033928000000003
13:38:37,21.368704
13:38:38,20.154647999999998
13:38:39,20.768216000000002
13:38:40,21.047184
13:38:41,21.971544
13:38:42,21.261376000000002
13:38:43,22.514247999999995
13:38:44,23.332112
13:38:45,21.478312
13:38:46,23.057000000000002
13:38:47,23.336848
13:38:48,20.071631999999997
13:38:49,22.811976000000005
13:38:50,23.465984
13:38:51,20.262463999999998
13:38:52,22.77288
13:38:53,24.215576
13:38:54,21.017432000000003
13:38:55,22.846704
13:38:56,23.279951999999994
13:38:57,21.868895999999996
13:38:58,21.854727999999998
13:38:59,22.927823999999998
13:39:00,23.053632
13:39:01,23.741719999999997
13:39:02,23.841800000000006
13:39:03,24.678576000000003
13:39:04,21.68982400000001
13:39:05,23.450903999999998
13:39:06,22.749696
13:39:07,23.571048000000005
13:39:08,20.153151999999995
13:39:09,22.704119999999996
13:39:10,23.184344
13:39:11,21.549696
13:39:12,22.246872000000003
13:39:13,22.534239999999997
13:39:14,23.507911999999997
13:39:15,23.909232000000003
13:39:16,21.97804
13:39:17,23.217944000000003
13:39:18,22.963776000000003
13:39:19,23.708759999999998
13:39:20,21.251784
13:39:21,23.874712
13:39:22,22.088552000000004
13:39:23,23.039943999999995
13:39:24,20.907248
13:39:25,22.768064000000003
13:39:26,23.051624000000004
13:39:27,21.968031999999997
13:39:28,20.350952
13:39:29,21.566480000000002
13:39:30,23.281672000000004
13:39:31,25.371608000000005
13:39:32,21.96056
13:39:33,23.217519999999997
13:39:34,23.803136000000002
13:39:35,21.363455999999996
13:39:36,24.024487999999995
13:39:37,23.26756
13:39:38,22.524528000000004
13:39:39,20.528496000000004
13:39:40,23.105112
13:39:41,22.681160000000006
13:39:42,22.214320000000004
13:39:43,18.384128
13:39:44,22.7172
13:39:45,23.318872000000002
13:39:46,23.694976
13:39:47,21.624143999999998
13:39:48,23.233928000000002
13:39:49,23.37688
13:39:50,23.261368000000004
13:39:51,23.556656000000004
13:39:52,21.615751999999997
13:39:53,23.699512000000002
13:39:54,22.397031999999996
13:39:55,23.156712
13:39:56,22.905840000000005
13:39:57,21.301879999999997
13:39:58,19.80216
13:39:59,21.920384
13:40:00,20.853048000000005
13:40:01,21.037608
13:40:02,21.029312000000004
13:40:03,22.850807999999997
13:40:04,22.542256
13:40:05,21.108279999999997
13:40:06,22.500864
13:40:07,21.490831999999997
13:40:08,19.965576000000002
13:40:09,21.696359999999995
13:40:10,20.96404
13:40:11,20.283272
13:40:12,22.224359999999997
13:40:13,21.5208
13:40:14,21.52164
13:40:15,21.075975999999997
13:40:16,24.217624000000004
13:40:17,22.232072
13:40:18,22.122736
13:40:19,20.986208000000005
13:40:20,22.203839999999996
13:40:21,21.441352000000002
13:40:22,22.780456
13:40:23,22.389511999999996
13:40:24,19.921536000000003
13:40:25,22.109768
13:40:26,22.398416
13:40:27,19.443407999999998
13:40:28,20.860047999999995
13:40:29,21.312656
13:40:30,18.983256
13:40:31,20.824856000000008
13:40:32,20.693736
13:40:33,19.161304
13:40:34,23.52096
13:40:35,24.129144
13:40:36,22.784184
13:40:37,20.539783999999997
13:40:38,22.028775999999997
13:40:39,21.857416
13:40:40,21.587088
13:40:41,19.855968
13:40:42,21.753391999999998
13:40:43,19.968632
13:40:44,19.506304
13:40:45,23.661783999999997
13:40:46,24.062208000000002
13:40:47,20.100112
13:40:48,21.903975999999997
13:40:49,22.119432
13:40:50,21.110687999999993
13:40:51,19.990416
13:40:52,21.409168
13:40:53,21.542055999999995
13:40:54,22.142207999999993
13:40:55,20.462016000000002
13:40:56,19.712007999999997
13:40:57,19.490248
13:40:58,20.459552
13:40:59,18.517776000000005
13:41:00,17.713808
13:41:01,20.120376000000004
13:41:02,19.145264
13:41:03,18.540736000000003
13:41:04,19.926424
13:41:05,19.737239999999996
13:41:06,22.059384
13:41:07,20.031367999999997
13:41:08,19.246184
13:41:09,20.141816000000002
13:41:10,19.483871999999998
13:41:11,18.103144
13:41:12,20.592744
13:41:13,19.251672
13:41:14,17.495616000000002
13:41:15,21.223504
13:41:16,22.748288000000002
13:41:17,19.278408
13:41:18,20.162936
13:41:19,19.677927999999998
13:41:20,20.795464
13:41:21,17.853000000000005
13:41:22,21.125367999999995
13:41:23,20.226751999999994
13:41:24,19.359832
13:41:25,21.580352000000005
13:41:26,18.962831999999995
13:41:27,21.492088
13:41:28,19.453808000000002
13:41:29,19.283256
13:41:30,17.770176000000003
13:41:31,18.681872000000002
13:41:32,18.872904000000002
13:41:33,17.688288
13:41:34,18.556888
13:41:35,18.574616000000002
13:41:36,19.245431999999997
13:41:37,20.976127999999996
13:41:38,19.662512000000003
13:41:39,19.858288
13:41:40,20.036208000000002
13:41:41,20.128632
13:41:42,19.657039999999995
13:41:43,17.203736
13:41:44,20.658056000000002
13:41:45,21.187103999999998
13:41:46,21.934688
13:41:47,22.56588
13:41:48,21.434928
13:41:49,24.239392000000002
13:41:50,22.802463999999997
13:41:51,22.821472000000004
13:41:52,20.821336000000002
13:41:53,21.494096
13:41:54,23.083328
13:41:55,22.057951999999993
13:41:56,23.091376
13:41:57,20.822896
13:41:58,24.54412
13:41:59,23.997608
13:42:00,20.091544
13:42:01,23.428528
13:42:02,20.824456
13:42:03,22.210280000000004
13:42:04,23.027295999999996
13:42:05,21.408504
13:42:06,23.137008
13:42:07,22.028239999999997
13:42:08,20.019039999999997
13:42:09,24.207816000000005
13:42:10,24.025088
13:42:11,21.408856
13:42:12,23.735624
13:42:13,20.964495999999997
13:42:14,23.407496000000002
13:42:15,25.227208000000005
13:42:16,22.726944000000003
13:42:17,24.077312000000003
13:42:18,22.796512000000003
13:42:19,25.146351999999997
13:42:20,21.524519999999995
13:42:21,24.16576
13:42:22,24.269840000000002
13:42:23,20.94176
13:42:24,23.746528000000005
13:42:25,20.58072
13:42:26,23.558528
13:42:27,22.247584
13:42:28,24.75892799999999
13:42:29,20.822584
13:42:30,21.664152
13:42:31,23.801584000000002
13:42:32,20.177368
13:42:33,21.905072000000004
13:42:34,22.959880000000005
13:42:35,19.611856
13:42:36,21.864504
13:42:37,21.767400000000006
13:42:38,25.448304
13:42:39,22.409823999999997
13:42:40,24.149944000000005
13:42:41,22.107799999999997
13:42:42,22.30052
13:42:43,23.038408000000004
13:42:44,20.843328
13:42:45,23.174767999999997
13:42:46,20.331248
13:42:47,23.265504
13:42:48,19.762696000000002
13:42:49,23.687439999999995
13:42:50,23.486696
13:42:51,21.961512
13:42:52,23.056616
13:42:53,23.453975999999997
13:42:54,20.873744000000002
13:42:55,22.961152
13:42:56,20.637159999999998
13:42:57,22.657352
13:42:58,20.507951999999996
13:42:59,24.208448
13:43:00,22.750792000000004
13:43:01,19.667536000000002
13:43:02,21.03652
13:43:03,21.105192000000002
13:43:04,18.639592
13:43:05,20.751432
13:43:06,20.007608
13:43:07,19.279847999999998
13:43:08,20.630864000000003
13:43:09,20.096856000000002
13:43:10,23.227368000000002
13:43:11,23.166912000000004
13:43:12,19.869256000000004
13:43:13,21.101176000000002
13:43:14,21.654096
13:43:15,20.810744
13:43:16,21.904791999999997
13:43:17,20.320111999999995
13:43:18,18.872927999999998
13:43:19,22.039448
13:43:20,20.925944
13:43:21,23.361832
13:43:22,18.920263999999996
13:43:23,22.912647999999994
13:43:24,21.034696
13:43:25,20.375032
13:43:26,21.662271999999994
13:43:27,19.699064000000003
13:43:28,20.533816
13:43:29,19.885392
13:43:30,22.52052
13:43:31,19.97288
13:43:32,20.962480000000006
13:43:33,20.517224000000002
13:43:34,18.352304000000004
13:43:35,19.698520000000002
13:43:36,20.209672
13:43:37,20.209600000000002
13:43:38,18.732295999999998
13:43:39,22.274359999999998
13:43:40,21.316007999999997
13:43:41,21.964752000000004
13:43:42,22.648576
13:43:43,19.729168
13:43:44,20.598295999999998
13:43:45,19.672976000000002
13:43:46,21.265952000000002
13:43:47,20.593591999999997
13:43:48,20.606855999999993
13:43:49,19.729832
13:43:50,21.472856
13:43:51,20.753367999999995
13:43:52,21.341631999999997
13:43:53,20.86132
13:43:54,23.90264
13:43:55,22.216207999999998
13:43:56,22.633688000000003
13:43:57,20.40252
13:43:58,22.223688000000003
13:43:59,21.669232
13:44:00,20.405928000000003
13:44:01,23.12812
13:44:02,23.711143999999997
13:44:03,22.713935999999997
13:44:04,19.513360000000002
13:44:05,22.129168
13:44:06,21.508208000000003
13:44:07,20.359992000000002
13:44:08,20.557263999999993
13:44:09,21.51264
13:44:10,21.741480000000003
13:44:11,24.094448000000007
13:44:12,21.098776
13:44:13,23.759672000000002
13:44:14,20.499728
13:44:15,22.02596799999999
13:44:16,22.603752000000007
13:44:17,19.915992
13:44:18,21.804288
13:44:19,22.755480000000002
13:44:20,22.276775999999998
13:44:21,19.148256
13:44:22,22.055960000000002
13:44:23,23.788800000000002
13:44:24,21.37776
13:44:25,22.038944
13:44:26,22.843951999999998
13:44:27,20.841591999999995
13:44:28,21.623583999999997
13:44:29,19.918128
13:44:30,23.170184000000003
13:44:31,20.045728000000004
13:44:32,21.252496000000004
13:44:33,22.576072
13:44:34,20.041432
13:44:35,21.737944
13:44:36,20.108408
13:44:37,20.467416000000004
13:44:38,21.099064000000006
13:44:39,19.522800000000004
13:44:40,23.310087999999993
13:44:41,23.95544
13:44:42,19.9792
13:44:43,23.123880000000003
13:44:44,22.970983999999994
13:44:45,20.373176
13:44:46,22.810840000000002
13:44:47,21.249751999999997
13:44:48,19.43552
13:44:49,22.275655999999998
13:44:50,18.236231999999998
13:44:51,20.681231999999994
13:44:52,19.090352
13:44:53,16.716607999999997
13:44:54,19.426096000000005
13:44:55,19.106207999999995
13:44:56,20.925208000000005
13:44:57,22.486256000000004
13:44:58,18.703744
13:44:59,20.883432
13:45:00,22.303016
13:45:01,19.460559999999997
13:45:02,21.771168
13:45:03,20.488903999999998
13:45:04,20.718912
13:45:05,19.728416000000003
13:45:06,19.537616000000003
13:45:07,19.52836
13:45:08,18.91568
13:45:09,16.458272
13:45:10,18.817135999999998
13:45:11,19.013967999999995
13:45:12,18.191920000000003
13:45:13,20.094208000000005
13:45:14,18.679384
13:45:15,17.694608
13:45:16,19.671856000000002
13:45:17,19.611832
13:45:18,17.425504
13:45:19,19.178743999999995
13:45:20,18.325048
13:45:21,17.248504000000004
13:45:22,19.230567999999995
13:45:23,19.426631999999998
13:45:24,17.56104
13:45:25,16.810192
13:45:26,19.621207999999996
13:45:27,19.798832000000004
13:45:28,17.533992
13:45:29,18.880072
13:45:30,17.168455999999995
13:45:31,19.744992
13:45:32,19.544560000000004
13:45:33,18.556599999999996
13:45:34,17.560496
13:45:35,17.964488
13:45:36,19.178184
13:45:37,16.662912
13:45:38,17.675551999999996
13:45:39,17.457471999999996
13:45:40,16.558928
13:45:41,17.177096
13:45:42,17.279951999999998
13:45:43,17.979496
13:45:44,20.739887999999997
13:45:45,19.25568
13:45:46,17.358712
13:45:47,20.0792
13:45:48,18.923856
13:45:49,16.184976
13:45:50,19.339840000000002
13:45:51,18.221368
13:45:52,18.044847999999998
13:45:53,17.317824
13:45:54,18.079375999999996
13:45:55,19.603640000000006
13:45:56,18.184832
13:45:57,21.951663999999997
13:45:58,20.856896000000003
13:45:59,18.746640000000003
13:46:00,21.330999999999992
13:46:01,19.88052
13:46:02,19.349975999999998
13:46:03,21.472839999999998
13:46:04,20.709496
13:46:05,19.373056
13:46:06,22.049704000000002
13:46:07,19.990167999999997
13:46:08,21.428943999999994
13:46:09,20.247776
13:46:10,19.261208
13:46:11,20.637848000000005
13:46:12,18.298808
13:46:13,21.383248
13:46:14,22.67564
13:46:15,20.004112
13:46:16,20.838336
13:46:17,22.400831999999998
13:46:18,20.018200000000004
13:46:19,21.804247999999998
13:46:20,21.119488
13:46:21,19.463376
13:46:22,20.466768
13:46:23,21.673584
13:46:24,22.007551999999993
13:46:25,21.746048000000002
13:46:26,18.842992
13:46:27,20.510263999999996
13:46:28,22.488487999999997
13:46:29,22.639311999999997
13:46:30,19.565512
13:46:31,22.088856
13:46:32,22.360808
13:46:33,20.868456000000005
13:46:34,21.016295999999997
13:46:35,20.210824000000002
13:46:36,21.267184
13:46:37,21.722472000000007
13:46:38,19.144968
13:46:39,21.468943999999997
13:46:40,19.634504
13:46:41,20.420016000000004
13:46:42,18.546535999999996
13:46:43,19.338728000000003
13:46:44,20.016703999999997
13:46:45,20.080984000000008
13:46:46,22.864703999999996
13:46:47,20.893792
13:46:48,22.123136000000002
13:46:49,21.366456
13:46:50,21.850392
13:46:51,19.545688
13:46:52,19.860336
13:46:53,20.964968
13:46:54,20.864016
13:46:55,20.341424000000004
13:46:56,20.981464000000003
13:46:57,20.216704000000004
13:46:58,23.342783999999998
13:46:59,20.793192000000005
13:47:00,21.208632
13:47:01,20.122480000000003
13:47:02,21.081312
13:47:03,20.833559999999995
13:47:04,21.692368000000002
13:47:05,19.532072
13:47:06,19.794912
13:47:07,21.342344000000004
13:47:08,21.269632
13:47:09,20.282311999999997
13:47:10,18.41788
13:47:11,18.8764
13:47:12,19.562544000000003
13:47:13,19.118024000000002
13:47:14,18.922999999999995
13:47:15,18.328015999999998
13:47:16,18.200448
13:47:17,20.153439999999996
13:47:18,20.569208
13:47:19,18.64472
13:47:20,20.990208000000003
13:47:21,19.519064
13:47:22,18.079392000000006
13:47:23,20.076256
13:47:24,19.304775999999997
13:47:25,20.031904
13:47:26,18.855392
13:47:27,21.373984
13:47:28,21.341735999999997
13:47:29,21.568056000000006
13:47:30,18.367224
13:47:31,19.824304
13:47:32,20.649848000000002
13:47:33,17.913535999999997
13:47:34,19.356679999999997
13:47:35,20.077256
13:47:36,20.639895999999997
13:47:37,19.263479999999998
13:47:38,20.283944000000005
13:47:39,19.427
13:47:40,19.852175999999993
13:47:41,18.803335999999998
13:47:42,16.908143999999997
13:47:43,18.584512
13:47:44,18.991888
13:47:45,17.459128
13:47:46,18.134584
13:47:47,17.729464
13:47:48,21.529159999999994
13:47:49,20.454383999999994
13:47:50,19.755208000000003
13:47:51,20.156671999999997
13:47:52,18.241663999999997
13:47:53,18.041159999999998
13:47:54,19.932792000000006
13:47:55,19.598944
13:47:56,18.072296000000005
13:47:57,17.644872
13:47:58,21.404608000000003
13:47:59,22.2376
13:48:00,21.004464
13:48:01,18.494368
13:48:02,20.623896000000002
13:48:03,19.606471999999997
13:48:04,20.509824
13:48:05,18.357504000000002
13:48:06,19.104448000000005
13:48:07,20.899264
13:48:08,21.467184000000003
13:48:09,18.382224
13:48:10,19.183791999999997
13:48:11,18.695688
13:48:12,19.19892
13:48:13,18.018712
13:48:14,18.004208000000002
13:48:15,18.873864
13:48:16,18.159527999999995
13:48:17,17.101768
13:48:18,20.386311999999997
13:48:19,21.322408
13:48:20,18.274040000000003
13:48:21,20.687119999999997
13:48:22,19.038096
13:48:23,17.582120000000003
13:48:24,19.454824
13:48:25,18.443440000000002
13:48:26,18.00744
13:48:27,18.720207999999996
13:48:28,18.998855999999996
13:48:29,19.644327999999998
13:48:30,18.844496
13:48:31,20.899503999999997
13:48:32,19.121776
13:48:33,19.486992
13:48:34,19.886944000000003
13:48:35,17.453144
13:48:36,20.253512
13:48:37,20.174960000000002
13:48:38,18.552856000000002
13:48:39,18.594352000000004
13:48:40,19.157824
13:48:41,19.512432
13:48:42,18.392408
13:48:43,16.419120000000003
13:48:44,18.409032
13:48:45,18.0802
13:48:46,17.617128000000005
13:48:47,16.95884
13:48:48,20.872992000000004
13:48:49,20.231560000000005
13:48:50,17.297784
13:48:51,20.829984000000003
13:48:52,19.922919999999998
13:48:53,16.433128
13:48:54,19.611056
13:48:55,19.210648
13:48:56,18.035456000000003
13:48:57,17.2036
13:48:58,20.122967999999997
13:48:59,19.555519999999998
13:49:00,18.085
13:49:01,20.361807999999996
13:49:02,20.568064000000003
13:49:03,21.463344
13:49:04,19.702896
13:49:05,20.061360000000004
13:49:06,20.069408
13:49:07,21.288672000000002
13:49:08,20.525328000000005
13:49:09,20.031271999999998
13:49:10,19.822024000000003
13:49:11,21.663432
13:49:12,19.303256
13:49:13,20.389584
13:49:14,20.276568000000005
13:49:15,18.665960000000002
13:49:16,20.466327999999997
13:49:17,20.864416000000002
13:49:18,19.912632000000002
13:49:19,22.56892
13:49:20,21.110871999999993
13:49:21,18.77108
13:49:22,21.676031999999992
13:49:23,21.789368
13:49:24,19.91432
13:49:25,20.254984
13:49:26,20.558311999999997
13:49:27,21.079072
13:49:28,19.048816000000002
13:49:29,21.67272
13:49:30,20.55764
13:49:31,18.261256
13:49:32,19.794904
13:49:33,21.143663999999998
13:49:34,21.347360000000005
13:49:35,20.548688000000002
13:49:36,20.870487999999998
13:49:37,21.685415999999996
13:49:38,20.811808000000003
13:49:39,20.067464000000005
13:49:40,21.693271999999997
13:49:41,20.688744
13:49:42,19.067551999999996
13:49:43,20.436584
13:49:44,20.549480000000003
13:49:45,20.744448
13:49:46,17.692736000000004
13:49:47,19.792711999999998
13:49:48,19.330992
13:49:49,20.598384
13:49:50,21.262336000000005
13:49:51,20.288407999999997
13:49:52,20.737504
13:49:53,22.305511999999993
13:49:54,19.374176000000002
13:49:55,20.052512
13:49:56,21.322928
13:49:57,18.835720000000002
13:49:58,19.595936000000002
13:49:59,21.251807999999997
13:50:00,20.079951999999995
13:50:01,16.882984
13:50:02,19.681464
13:50:03,21.727047999999996
13:50:04,21.010008000000003
13:50:05,19.9254
13:50:06,21.332512
13:50:07,21.485328000000003
13:50:08,18.020087999999998
13:50:09,21.073544
13:50:10,21.906576
13:50:11,19.376104000000005
13:50:12,19.787552
13:50:13,21.398384000000004
13:50:14,18.6332
13:50:15,20.17624
13:50:16,19.653871999999996
13:50:17,19.862199999999998
13:50:18,17.874064
13:50:19,18.821647999999996
13:50:20,21.138952000000003
13:50:21,20.093367999999995
13:50:22,18.659832
13:50:23,20.980912000000004
13:50:24,20.04492
13:50:25,19.4746
13:50:26,19.525264
13:50:27,19.198871999999998
13:50:28,18.403632
13:50:29,19.990648000000004
13:50:30,19.842024
13:50:31,17.808424000000002
13:50:32,19.139671999999997
13:50:33,19.427872000000004
13:50:34,19.075568
13:50:35,19.341952
13:50:36,20.918136
13:50:37,19.844608000000004
13:50:38,19.341535999999994
13:50:39,19.46124
13:50:40,20.03468
13:50:41,19.82452
13:50:42,17.363720000000004
13:50:43,18.603872000000003
13:50:44,19.153032000000003
13:50:45,18.057888
13:50:46,19.500303999999996
13:50:47,19.007127999999998
13:50:48,18.140735999999997
13:50:49,19.321976
13:50:50,21.272159999999996
13:50:51,18.556383999999998
13:50:52,20.269560000000002
13:50:53,20.5178
13:50:54,19.301824000000003
13:50:55,19.227728
13:50:56,19.689960000000003
13:50:57,20.011264
13:50:58,18.915559999999996
13:50:59,18.275223999999998
13:51:00,19.654016000000002
13:51:01,17.123567999999995
13:51:02,17.216511999999998
13:51:03,17.0104
13:51:04,17.554304000000005
13:51:05,17.053272
13:51:06,17.60852
13:51:07,18.463392
13:51:08,19.63728
13:51:09,21.200815999999996
13:51:10,17.937368000000003
13:51:11,20.451576
13:51:12,18.619144
13:51:13,17.776224000000003
13:51:14,19.346391999999998
13:51:15,18.463088
13:51:16,17.926064
13:51:17,18.616952
13:51:18,17.984696000000003
13:51:19,17.702456
13:51:20,19.040128000000003
13:51:21,18.63616
13:51:22,18.380384000000003
13:51:23,18.375247999999996
13:51:24,18.287008
13:51:25,18.254504
13:51:26,16.220544
13:51:27,19.287407999999996
13:51:28,18.747584
13:51:29,17.26096
13:51:30,17.171368
13:51:31,19.064872
13:51:32,17.636752
13:51:33,15.853968
13:51:34,17.982183999999997
13:51:35,17.671176
13:51:36,14.352952000000004
13:51:37,17.715600000000002
13:51:38,19.196936
13:51:39,18.253152
13:51:40,17.302368
13:51:41,19.177496
13:51:42,18.393040000000003
13:51:43,17.853800000000003
13:51:44,17.668391999999997
13:51:45,17.317839999999997
13:51:46,15.122976000000001
13:51:47,18.226895999999996
13:51:48,17.898464
13:51:49,16.825776
13:51:50,16.314912000000003
13:51:51,16.367936
13:51:52,19.282072000000003
13:51:53,19.08792
13:51:54,18.695415999999998
13:51:55,17.108168
13:51:56,17.346479999999996
13:51:57,19.150888000000005
13:51:58,18.745807999999997
13:51:59,17.663576
13:52:00,18.174311999999997
13:52:01,18.215632
13:52:02,19.774016000000003
13:52:03,17.867368
13:52:04,19.023336
13:52:05,18.679392
13:52:06,16.007127999999998
13:52:07,18.4732
13:52:08,21.144367999999996
13:52:09,20.461912
13:52:10,17.387472
13:52:11,21.226544
13:52:12,21.199447999999997
13:52:13,20.227967999999997
13:52:14,18.588992
13:52:15,19.94628
13:52:16,19.713872
13:52:17,18.922096000000003
13:52:18,18.009359999999994
13:52:19,21.680776
13:52:20,21.815328
13:52:21,19.471543999999998
13:52:22,19.708048
13:52:23,22.090136
13:52:24,22.286552
13:52:25,22.31688
13:52:26,19.903063999999997
13:52:27,21.47868
13:52:28,22.013984000000004
13:52:29,20.131736000000004
13:52:30,22.337336
13:52:31,20.203856000000002
13:52:32,21.453984000000002
13:52:33,19.376432000000005
13:52:34,22.319167999999994
13:52:35,19.980784
13:52:36,19.171392
13:52:37,20.955592
13:52:38,22.002048
13:52:39,21.165048
13:52:40,20.548192
13:52:41,22.190384
13:52:42,18.714856
13:52:43,21.29644
13:52:44,20.916232
13:52:45,20.797944
13:52:46,20.303472
13:52:47,21.072039999999998
13:52:48,19.758512000000003
13:52:49,20.857128
13:52:50,21.001063999999996
13:52:51,17.865376
13:52:52,20.124343999999997
13:52:53,18.503712
13:52:54,20.500856000000002
13:52:55,21.660303999999996
13:52:56,21.494911999999996
13:52:57,22.29724
13:52:58,22.767823999999997
13:52:59,20.969863999999998
13:53:00,20.856912
13:53:01,20.852416
13:53:02,19.798352000000005
13:53:03,20.016167999999997
13:53:04,21.151608
13:53:05,20.680656
13:53:06,19.793936
13:53:07,21.94312
13:53:08,21.601144
13:53:09,12.321688
13:53:10,10.977864
13:53:11,10.632487999999999
13:53:12,11.763
13:53:13,11.080687999999999
13:53:14,10.098880000000001
13:53:15,11.459664
13:53:16,10.619944
13:53:17,10.649512
13:53:18,11.982368000000001
13:53:19,11.914095999999999
13:53:20,10.683016000000002
13:53:21,11.836800000000002
13:53:22,7.10872
